Model,R2,RMSE,MAE,Train_time_s,CV_R2_mean,CV_R2_std,Speedup_vs_RF,Speedup_vs_ANN,Variant,N_train,N_test
MEPDG-style Linear Regression,0.1960288575995358,0.5791437632371245,0.4607503188209784,0.1874,,,4.3959445037353255,10.369263607257203,structural,1317,235
Random Forest,0.3236958038006654,0.5311744716405336,0.41068929343971666,0.8238,,,1.0,2.35882495751396,structural,1317,235
"ANN (MLP, Optuna-tuned)",0.10741239257871615,0.6102272255489636,0.4782301202515151,1.9432,0.01125197008263909,,0.42393989296006584,1.0,structural,1317,235
"Gradient-Boosted Ensemble (LightGBM, Optuna-tuned)",0.4138082302701661,0.49452244957700237,0.3695905907590137,0.4879,0.22695785329430818,0.11285976839139729,1.6884607501537199,3.9827833572453373,structural,1317,235
