Model,R2,RMSE,MAE,Train_time_s,CV_R2_mean,CV_R2_std,Speedup_vs_RF,Speedup_vs_ANN,Variant,N_train,N_test
MEPDG-style Linear Regression,0.20119153597880624,0.5772812906660222,0.45854364354322763,0.0681,,,9.631424375917769,32.55359765051395,no_traffic_lte,1317,235
Random Forest,0.3180345196174881,0.5333930463206793,0.4188813062943267,0.6559,,,1.0,3.379935965848452,no_traffic_lte,1317,235
"ANN (MLP, Optuna-tuned)",0.14237448391329444,0.5981567395554315,0.45978254774801036,2.2169,0.03442859607841081,,0.29586359330596784,1.0,no_traffic_lte,1317,235
"Gradient-Boosted Ensemble (LightGBM, Optuna-tuned)",0.3947964927778651,0.5024777915426402,0.37767182037008873,0.0891,0.21013961607029402,0.1074313057669281,7.361391694725029,24.881032547699213,no_traffic_lte,1317,235
