Model,R2,RMSE,MAE,Train_time_s,CV_R2_mean,CV_R2_std,Speedup_vs_RF,Speedup_vs_ANN,Variant,N_train,N_test
MEPDG-style Linear Regression,0.1960288575995358,0.5791437632371245,0.4607503188209784,3.0543,,,1.0711783387355531,0.5790852241102707,structural,1317,235
Random Forest,0.3236958038006654,0.5311744716405336,0.41068929343971666,3.2717,,,1.0,0.5406058012653971,structural,1317,235
"ANN (MLP, Optuna-tuned)",0.10741239257871615,0.6102272255489636,0.4782301202515151,1.7687,0.01125197008263909,,1.8497766721320745,1.0,structural,1317,235
"Gradient-Boosted Ensemble (LightGBM, Optuna-tuned)",0.4138082302701661,0.49452244957700237,0.3695905907590137,0.7846,0.22695785329430818,0.11285976839139729,4.169895488146826,2.2542696915625795,structural,1317,235
XGBoost (Optuna-tuned),0.38242550085560667,0.5075873977002235,0.3878887718046472,0.7564,0.1697370843255112,,4.325356953992597,2.3383130618720256,structural,1317,235
CatBoost (Optuna-tuned),0.3949733297408675,0.5024043756276875,0.37265366805536476,1.0095,0.18409369899226377,,3.240911342248638,1.7520554730064386,structural,1317,235
