Model,R2,RMSE,MAE,Train_time_s,CV_R2_mean,CV_R2_std,Speedup_vs_RF,Speedup_vs_ANN,Variant,N_train,N_test
MEPDG-style Linear Regression,0.6803102444247053,0.3955365019977056,0.2778495198147779,0.7741,,,1.5999224906342848,1.3752745123369075,operational_lagged,1179,180
Random Forest,0.7190470769202266,0.3707993687492412,0.2293457432870371,1.2385,,,1.0,0.8595882115462253,operational_lagged,1179,180
"ANN (MLP, Optuna-tuned)",0.6497916680239149,0.41398580103090227,0.27608799243769094,1.0646,0.37277313563038494,,1.163347736238963,1.0,operational_lagged,1179,180
"Gradient-Boosted Ensemble (LightGBM, Optuna-tuned)",0.6981600229642789,0.38433557730361567,0.2575235268159016,0.5618,0.5415000888967451,0.09466392256907025,2.2045211819152724,1.8949804200783198,operational_lagged,1179,180
