Model,R2,RMSE,MAE,Train_time_s,CV_R2_mean,CV_R2_std,Speedup_vs_RF,Speedup_vs_ANN,Variant,N_train,N_test
MEPDG-style Linear Regression,-0.22234519150851328,0.9016807209259773,0.6851298629158922,0.0138,,,34.10144927536232,233.54347826086956,no_traffic_lte,1097,193
Random Forest,-0.11512762109285646,0.8612279907748428,0.6393272815099529,0.4706,,,1.0,6.848491287717807,no_traffic_lte,1097,193
"ANN (MLP, Optuna-tuned)",-0.15108300558425425,0.8750022521601303,0.690796215958833,3.2229,0.01958807894637346,,0.14601756182320272,1.0,no_traffic_lte,1097,193
"Gradient-Boosted Ensemble (LightGBM, Optuna-tuned)",-0.33127136692479664,0.9409989643136504,0.7087020670702672,0.0464,0.1845167079266979,0.05237348450415554,10.142241379310345,69.45905172413794,no_traffic_lte,1097,193
