Model,R2,RMSE,MAE,Train_time_s,CV_R2_mean,CV_R2_std,Speedup_vs_RF,Speedup_vs_ANN,Variant,N_train,N_test
MEPDG-style Linear Regression,-0.4482948559169415,0.551721802298911,0.42536848203601463,0.1204,,,3.9626245847176085,6.313953488372094,structural,313,90
Random Forest,-0.17083549391852482,0.49606614865315146,0.33646419999999977,0.4771,,,1.0,1.593376650597359,structural,313,90
"ANN (MLP, Optuna-tuned)",-1.2259007157681787,0.6839818015016395,0.4790224139844606,0.7602,-0.5020840753164615,,0.6275980005261773,1.0,structural,313,90
"Gradient-Boosted Ensemble (LightGBM, Optuna-tuned)",0.22625153530285802,0.40326594876085464,0.2840034205847856,0.1542,0.06637407210081755,0.24587899696083354,3.094033722438392,4.929961089494163,structural,313,90
XGBoost (Optuna-tuned),0.16995987232115795,0.41767761125566943,0.29977847545411856,0.2994,-0.11025101997049674,,1.5935203740814965,2.539078156312625,structural,313,90
CatBoost (Optuna-tuned),0.09496695804899313,0.43613794182116905,0.3245796088103902,0.5807,-0.06334017864070288,,0.8215946271741003,1.3091096951954537,structural,313,90
