Model,R2,RMSE,MAE,Train_time_s,CV_R2_mean,CV_R2_std,Speedup_vs_RF,Speedup_vs_ANN,Variant,N_train,N_test
MEPDG-style Linear Regression,0.13947003788421208,0.6401623708887154,0.47124754683181197,2.0864,,,1.066957438650307,2.2434815950920246,structural,1286,407
Random Forest,0.19512650789878405,0.6191144729496115,0.4589694150256927,2.2261,,,1.0,2.1026908045460666,structural,1286,407
"ANN (MLP, Optuna-tuned)",0.008778418501255936,0.6870566048264517,0.5193704844661385,4.6808,-0.434229875429855,,0.4755810972483337,1.0,structural,1286,407
"Gradient-Boosted Ensemble (LightGBM, Optuna-tuned)",0.22017163894875003,0.6094059036947189,0.453720463070696,1.5311,0.18764694740944826,0.09949079881636369,1.4539220168506304,3.057148455358892,structural,1286,407
XGBoost (Optuna-tuned),0.2099985154075732,0.6133679765218676,0.4577727160132781,1.6849,0.14056045099694595,,1.3212060062911746,2.7780877203394856,structural,1286,407
CatBoost (Optuna-tuned),0.16296225767987116,0.6313637815706237,0.4813828758509111,1.9748,0.17460577930791538,,1.1272533927486328,2.370265343325906,structural,1286,407
