Model,R2,RMSE,MAE,Train_time_s,CV_R2_mean,CV_R2_std,Speedup_vs_RF,Speedup_vs_ANN,Variant,N_train,N_test
MEPDG-style Linear Regression,0.37092654719343543,0.39632986277960497,0.2686218274440307,2.1322,,,1.2904042772723008,1.6234405778069598,operational_lagged,1103,384
Random Forest,0.3815879456125242,0.3929570556741938,0.24775410431035463,2.7514,,,1.0,1.2580867921785275,operational_lagged,1103,384
"ANN (MLP, Optuna-tuned)",0.13686800150841727,0.4642423185005284,0.3334972754721308,3.4615,0.15103185937241728,,0.7948577206413404,1.0,operational_lagged,1103,384
"Gradient-Boosted Ensemble (LightGBM, Optuna-tuned)",0.39135000903458417,0.3898431681652392,0.258768741974525,9.6333,0.5696274774404055,0.12466694126639104,0.28561344502922154,0.3593265028598715,operational_lagged,1103,384
