Model,R2,RMSE,MAE,Train_time_s,CV_R2_mean,CV_R2_std,Speedup_vs_RF,Speedup_vs_ANN,Variant,N_train,N_test
MEPDG-style Linear Regression,-0.1750183619431569,0.5149730956214162,0.25338773232512346,0.2088,,,2.812739463601533,1.154214559386973,operational_lagged,267,84
Random Forest,0.4063308030513859,0.36604499365726284,0.20588418154761876,0.5873,,,1.0,0.41035246041205514,operational_lagged,267,84
"ANN (MLP, Optuna-tuned)",-2.54401965692415,0.8943556904541278,0.41754141569842756,0.241,0.20212738350880213,,2.436929460580913,1.0,operational_lagged,267,84
"Gradient-Boosted Ensemble (LightGBM, Optuna-tuned)",0.26782350522693943,0.40650894349130523,0.2553960401017512,0.2101,0.5398115071080672,0.25630161291248926,2.7953355544978584,1.1470728224654925,operational_lagged,267,84
