Model,R2,RMSE,MAE,Train_time_s,CV_R2_mean,CV_R2_std,Speedup_vs_RF,Speedup_vs_ANN,Variant,N_train,N_test
MEPDG-style Linear Regression,-0.21849388556774407,0.9002591143200768,0.6803412996984233,0.2283,,,3.3057380639509417,9.168637757336837,structural,1097,193
Random Forest,-0.10482939163129368,0.8572420365933431,0.6286720317838158,0.7547,,,1.0,2.7735524049291107,structural,1097,193
"ANN (MLP, Optuna-tuned)",-0.3512012347736533,0.9480164352109314,0.7136793149223877,2.0932,0.02235716787354311,,0.3605484425759603,1.0,structural,1097,193
"Gradient-Boosted Ensemble (LightGBM, Optuna-tuned)",-0.29417233448469715,0.9277947391772732,0.6918140399536055,0.41,0.18193876793778835,0.04841904318318091,1.8407317073170735,5.105365853658537,structural,1097,193
