Model,R2,RMSE,MAE,Train_time_s,CV_R2_mean,CV_R2_std,Speedup_vs_RF,Speedup_vs_ANN,Variant,N_train,N_test
MEPDG-style Linear Regression,-0.1750183619431569,0.5149730956214162,0.25338773232512346,0.2487,,,3.2046642541214316,1.6123843988741455,operational_lagged,267,84
Random Forest,0.406330803051386,0.36604499365726284,0.20588418154761873,0.797,,,1.0,0.5031367628607277,operational_lagged,267,84
"ANN (MLP, Optuna-tuned)",-2.54401965692415,0.8943556904541278,0.41754141569842756,0.401,0.20212738350880213,,1.9875311720698254,1.0,operational_lagged,267,84
"Gradient-Boosted Ensemble (LightGBM, Optuna-tuned)",0.26782350522693943,0.40650894349130523,0.2553960401017512,0.2151,0.5398115071080672,0.25630161291248926,3.705253370525337,1.8642491864249187,operational_lagged,267,84
