Model,R2,RMSE,MAE,Train_time_s,CV_R2_mean,CV_R2_std,Speedup_vs_RF,Speedup_vs_ANN,Variant,N_train,N_test
MEPDG-style Linear Regression,0.13947003788421208,0.6401623708887154,0.47124754683181197,0.7265,,,1.6653819683413627,1.64280798348245,structural,1286,407
Random Forest,0.19512650789878405,0.6191144729496115,0.45896941502569266,1.2099,,,1.0,0.9864451607570874,structural,1286,407
"ANN (MLP, Optuna-tuned)",0.008778418501255936,0.6870566048264517,0.5193704844661385,1.1935,-0.434229875429855,,1.0137410976120653,1.0,structural,1286,407
"Gradient-Boosted Ensemble (LightGBM, Optuna-tuned)",0.22017163894875003,0.6094059036947189,0.453720463070696,0.5718,0.18764694740944826,0.09949079881636369,2.1159496327387197,2.0872682756208465,structural,1286,407
