Model,R2,RMSE,MAE,Train_time_s,CV_R2_mean,CV_R2_std,Speedup_vs_RF,Speedup_vs_ANN,Variant,N_train,N_test
MEPDG-style Linear Regression,-0.21849388556774407,0.9002591143200768,0.6803412996984233,0.7348,,,2.6192161132280893,5.494284158954818,structural,1097,193
Random Forest,-0.1048293916312939,0.8572420365933432,0.6286720317838157,1.9246,,,1.0,2.097682635352801,structural,1097,193
"ANN (MLP, Optuna-tuned)",-0.3512012347736533,0.9480164352109314,0.7136793149223877,4.0372,0.02235716787354311,,0.4767165362132171,1.0,structural,1097,193
"Gradient-Boosted Ensemble (LightGBM, Optuna-tuned)",-0.29417233448469715,0.9277947391772732,0.6918140399536055,2.1858,0.18193876793778835,0.04841904318318091,0.8805014182450362,1.847012535456126,structural,1097,193
XGBoost (Optuna-tuned),-0.32470828130437046,0.9386765650666764,0.7056383570807793,1.1099,0.1652352600539627,,1.7340300928011532,3.6374448148481844,structural,1097,193
CatBoost (Optuna-tuned),-0.2640376600141754,0.9169293122892214,0.6934086243527209,1.158,0.1670333358100147,,1.6620034542314337,3.4863557858376515,structural,1097,193
